﻿Designator,Footprint,Quantity,Value,LCSC Part #
C1,0603,1,10uF,
"C10, C13, C17, C18, C3, C6, C7, C8",0603,8,0.1uF,
"C11, C12",0603,2,22uF,
C14,0603,1,10nF,
"C15, C16, C2, C4, C5",0603,5,1uF,
"C19, C20",0603,2,10pF,
C9,0603,1,4.7uF,AP7361-33E-13
"D1, D2, D3, D4",0603,4,LED,
"D5, D6",D_SMB,2,D_Schottky,SSB44-E3/52T
FB1,0603,1,600R@100MHz,
J1,PinSocket_1x24_P2.54mm_Vertical,1,Conn_01x24,
J2,CONN9_MSD-1_CUD,1,Micro_SD_Card,
J3,PinSocket_1x10_P2.54mm_Vertical,1,Conn_01x10,
J4,PinSocket_1x08_P2.54mm_Vertical,1,Conn_01x08,
J5,PinHeader_2x02_P2.54mm_Vertical,1,Conn_02x02_Counter_Clockwise,
J6,USB_C_Receptacle_Amphenol_GSB1C4,1,USB_C_Receptacle_USB2.0_16P,
J7,CUI_PJ-002AH,1,Barrel_Jack_Switch,
J8,PinSocket_1x20_P2.54mm_Vertical,1,Conn_01x20,
JP1,SolderJumper-2_P1.3mm_Open_RoundedPad1.0x1.5mm,1,Jumper_2_Bridged,
JP2,SolderJumper-2_P1.3mm_Open_RoundedPad1.0x1.5mm,1,Jumper_2_Bridged,
L1,L_Vishay_IFSC-1515AH_4x4x1.8mm,1,2.2uH,
"Q1, Q2",LFPAK56,2,PSMN041,PMV40UN2R
"R1, R8",0603,2,10k,
"R12, R13",0603,2,5k1,
"R17, R18, R19, R20",0603,4,50k,
R2,0603,1,100k,
"R3, R5, R6",0603,3,240R,CRGCQ0603J220R
R4,0603,1,240R,
R9,0603,1,220R,
SW1,SW_SPST_PTS645,1,SW_SPST,
U1,SOT-223-3_TabPin2,1,AP7361C-33E,AP7361C-33E-13
U2,TSOT-23-6,1,AP63205WU-7,C2071056
U3,LQFP-64_10x10mm_P0.5mm,1,STM32L476RGT6,
U7,SOT-23-6,1,USBLC6-2SC6,
Y1,Oscillator_SMD_Abracon_ASE-4Pin_3.2x2.5mm,1,48MHz,RH100-48.000-8-F-1015-EXT-TR
